{"cameraMode":{"drawMode":0,"name":"Shaded","section":"Shading Mode"},"sceneLighting":true,"audioPlay":false,"sceneViewState":{"m_AlwaysRefresh":false,"showFog":true,"showSkybox":true,"showFlares":true,"showImageEffects":true,"showParticleSystems":true,"showVisualEffectGraphs":true,"m_FxEnabled":true},"in2DMode":false,"pivot":{"x":-37.744667053222659,"y":1.3223422765731812,"z":28.177995681762697},"rotation":{"x":0.005074885208159685,"y":0.9933183789253235,"z":-0.10499446839094162,"w":0.04801521822810173},"size":2.607691764831543,"orthographic":false}