{"cameraMode":{"drawMode":0,"name":"Shaded","section":"Shading Mode"},"sceneLighting":true,"audioPlay":false,"sceneViewState":{"m_AlwaysRefresh":false,"showFog":true,"showSkybox":true,"showFlares":true,"showImageEffects":true,"showParticleSystems":true,"showVisualEffectGraphs":true,"m_FxEnabled":true},"in2DMode":false,"pivot":{"x":0.0001879371702671051,"y":0.004753805696964264,"z":-0.006258262321352959},"rotation":{"x":0.16618479788303376,"y":-0.4340680241584778,"z":0.08181996643543244,"w":0.8816345930099487},"size":67.13972473144531,"orthographic":false}